{"name":"b4a09599-92c7-43dd-a25e-dfcecafe3c6f","id":"/providers/Microsoft.Flow/flows/b4a09599-92c7-43dd-a25e-dfcecafe3c6f","type":"Microsoft.Flow/flows","properties":{"apiId":"/providers/Microsoft.PowerApps/apis/shared_logicflows","displayName":"Esporta un report impaginato di Power BI per ogni riga di una tabella di Excel Online","definition":{"metadata":{"workflowEntityId":null,"processAdvisorMetadata":null,"flowChargedByPaygo":null,"flowclientsuspensionreason":"None","flowclientsuspensiontime":null,"flowclientsuspensionreasondetails":null,"creator":{"id":"0567c645-a32a-42ce-b2da-4f7dfa57506d","type":"User","tenantId":"b1133def-5b0e-4d32-9584-e87c00c990b6"},"provisioningMethod":"FromDefinition","failureAlertSubscription":true,"clientLastModifiedTime":"2025-04-04T16:13:26.3489838Z","connectionKeySavedTimeKey":"2025-04-04T16:13:26.3489838Z","creationSource":"Portal","modifiedSources":"Portal"},"$schema":"https://schema.management.azure.com/providers/Microsoft.Logic/schemas/2016-06-01/workflowdefinition.json#","contentVersion":"1.0.0.0","parameters":{"$authentication":{"defaultValue":{},"type":"SecureObject"},"$connections":{"defaultValue":{},"type":"Object"}},"triggers":{"Ricorrenza":{"recurrence":{"interval":1,"frequency":"Day","timeZone":"W. Europe Standard Time","startTime":"2025-04-04T17:00:00Z"},"type":"Recurrence","conditions":[],"description":"17 = 19 ora italiana"}},"actions":{"List_rows_present_in_a_table":{"runAfter":{},"metadata":{"01GLCU6XT5FO4PF2FBTVGJZC6MOC3G4XFG":"","tableId":"Tabella1","012XER6OJO7BI5NVS2QJH3DBR5OFLGZ7SN":"/Report Automatici Power BI/Scadenze Agenti/Elenco Agenti.xlsx"},"type":"OpenApiConnection","inputs":{"parameters":{"source":"sites/########.sharepoint.com,3dd23847-5d0e-4b4b-810f-f8045e2188e3,87e9a2fc-1298-4a1a-a5fa-409ce4317416","drive":"b!RzjSPQ5dS0uBD_gEXiGI4_yi6YeYEhpKpfpAnOQxdBZDq2CVEhdxRb2Qunni83mj","file":"012XER6OJO7BI5NVS2QJH3DBR5OFLGZ7SN","table":"Tabella1"},"host":{"apiId":"/providers/Microsoft.PowerApps/apis/shared_excelonlinebusiness","connectionName":"shared_excelonlinebusiness","operationId":"GetItems"},"authentication":"@parameters('$authentication')"}},"Apply_to_each":{"foreach":"@outputs('List_rows_present_in_a_table')?['body/value']","actions":{"Export_To_File_for_Paginated_Reports":{"type":"OpenApiConnection","inputs":{"parameters":{"groupid":"da05e9d1-b75f-45b4-874f-0a985572eded","reportid":"46ab8b0c-1eeb-4cb0-b678-dad58c517ea0","ExportPayloadPaginatedReport/format":"PDF","ExportPayloadPaginatedReport/paginatedReportConfiguration/parameterValues":[{"name":"ScadenzeAgentName","value":"@item()?['AGENTE']"}]},"host":{"apiId":"/providers/Microsoft.PowerApps/apis/shared_powerbi","connectionName":"shared_powerbi","operationId":"InitiateExportToFileForPaginatedReports"},"authentication":"@parameters('$authentication')"}},"Set_output_file_name":{"runAfter":{"Export_To_File_for_Paginated_Reports":["Succeeded"]},"type":"SetVariable","inputs":{"name":"OutputFileName","value":"@{item()?['AGENTE']} - Scadenze al @{formatDateTime(utcNow(), 'dd-MM-yyyy')}.pdf"},"description":"The file extension should be the same as the 'Export Format' chosen in 'Export To File for Paginated Reports' connector"},"Send_an_email_(V2)":{"runAfter":{"Set_output_file_name":["Succeeded"]},"type":"OpenApiConnection","inputs":{"parameters":{"emailMessage/To":"@item()?['email']","emailMessage/Subject":"@{item()?['AGENTE']} - REPORT Scadenze","emailMessage/Body":"<title></title><meta><meta><!--[if mso]>\n<xml><w:WordDocument xmlns:w=\"urn:schemas-microsoft-com:office:word\"><w:DontUseAdvancedTypographyReadingMail/></w:WordDocument>\n<o:OfficeDocumentSettings><o:PixelsPerInch>96</o:PixelsPerInch><o:AllowPNG/></o:OfficeDocumentSettings></xml>\n<![endif]--><style>\n*{box-sizing:border-box}body{margin:0;padding:0}a[x-apple-data-detectors]{color:inherit!important;text-decoration:inherit!important}#MessageViewBody a{color:inherit;text-decoration:none}p{line-height:inherit}.desktop_hide,.desktop_hide table{mso-hide:all;display:none;max-height:0;overflow:hidden}.image_block img+div{display:none}sub,sup{font-size:75%;line-height:0} @media (max-width:720px){.mobile_hide{display:none}.row-content{width:100%!important}.stack .column{width:100%;display:block}.mobile_hide{min-height:0;max-height:0;max-width:0;overflow:hidden;font-size:0}.desktop_hide,.desktop_hide table{display:table!important;max-height:none!important}}\n</style><!--[if mso ]><style>sup, sub { font-size: 100% !important; } sup { mso-text-raise:10% } sub { mso-text-raise:-10% }</style> <![endif]--><table class=\"nl-container\" border=\"0\" cellpadding=\"0\" cellspacing=\"0\" style=\"mso-table-lspace:0;mso-table-rspace:0;background-color:#fff\"><tbody><tr><td><table class=\"row row-1\" border=\"0\" cellpadding=\"0\" cellspacing=\"0\" style=\"mso-table-lspace:0;mso-table-rspace:0\"><tbody><tr><td><table class=\"row-content stack\" border=\"0\" cellpadding=\"0\" cellspacing=\"0\" style=\"mso-table-lspace:0;mso-table-rspace:0;color:#000;width:700px;margin:0 auto\"><tbody><tr><td class=\"column column-1\" style=\"mso-table-lspace:0;mso-table-rspace:0;font-weight:400;text-align:left;padding-bottom:20px;padding-top:30px;vertical-align:top\"><table class=\"image_block block-1\" border=\"0\" cellpadding=\"0\" cellspacing=\"0\" style=\"mso-table-lspace:0;mso-table-rspace:0\"><tbody><tr><td class=\"pad\" style=\"width:100%;padding-right:0;padding-left:0\"><div class=\"alignment\"><div style=\"max-width:140px\"><img src=\"https://placehold.co/600x400\" style=\"display:block;height:auto;border:0;width:100%\" width=\"140\" alt=\"\" height=\"auto\"></div></div></td></tr></tbody></table><table class=\"text_block block-2\" border=\"0\" cellpadding=\"10\" cellspacing=\"0\" style=\"mso-table-lspace:0;mso-table-rspace:0;word-break:break-word\"><tbody><tr><td class=\"pad\"><div style=\"font-family:sans-serif\"><div class=\"\" style=\"font-size:14px;font-family:Arial,Helvetica Neue,Helvetica,sans-serif;mso-line-height-alt:16.8px;color:#555;line-height:1.2\"><p style=\"margin:0;font-size:14px;mso-line-height-alt:16.8px\">\nBuongiorno @{item()?['AGENTE']}, in allegato il report scadenze generato il @{formatDateTime(utcNow(), 'dd/MM/yyyy')}. Buona giornata.\n</p></div></div></td></tr></tbody></table></td></tr></tbody></table></td></tr></tbody></table></td></tr></tbody></table><!-- End --><div style=\"background-color:transparent;\">\n    <div style=\"Margin: 0 auto;min-width: 320px;max-width: 500px;overflow-wrap: break-word;word-wrap: break-word;word-break: break-word;background-color: transparent;\" class=\"block-grid \">\n        <div style=\"border-collapse: collapse;display: table;width: 100%;background-color:transparent;\">\n            <!--[if (mso)|(IE)]><table width=\"100%\" cellpadding=\"0\" cellspacing=\"0\" border=\"0\"><tr><td style=\"background-color:transparent;\" align=\"center\"><table cellpadding=\"0\" cellspacing=\"0\" border=\"0\" style=\"width: 500px;\"><tr class=\"layout-full-width\" style=\"background-color:transparent;\"><![endif]-->\n            <!--[if (mso)|(IE)]><td align=\"center\" width=\"500\" style=\" width:500px; padding-right: 0px; padding-left: 0px; padding-top:15px; padding-bottom:15px; border-top: 0px solid transparent; border-left: 0px solid transparent; border-bottom: 0px solid transparent; border-right: 0px solid transparent;\" valign=\"top\"><![endif]-->\n            <div class=\"col num12\" style=\"min-width: 320px;max-width: 500px;display: table-cell;vertical-align: top;\">\n                <div style=\"background-color: transparent; width: 100% !important;\">\n                    <!--[if (!mso)&(!IE)]><!--><div style=\"border-top: 0px solid transparent; border-left: 0px solid transparent; border-bottom: 0px solid transparent; border-right: 0px solid transparent; padding-top:15px; padding-bottom:15px; padding-right: 0px; padding-left: 0px;\">\n                        <!--<![endif]-->\n\n\n                        <div class=\"img-container center  autowidth \" style=\"padding-right: 0px;  padding-left: 0px;\">\n                            <!--[if mso]><table width=\"100%\" cellpadding=\"0\" cellspacing=\"0\" border=\"0\"><tr><td style=\"padding-right: 0px; padding-left: 0px;\" align=\"center\"><![endif]-->\n\n                          \n\n                        <!--[if (!mso)&(!IE)]><!-->\n                    </div><!--<![endif]-->\n                </div>\n            </div>\n            <!--[if (mso)|(IE)]></td></tr></table></td></tr></table><![endif]-->\n        </div>\n    </div>\n</div></div>","emailMessage/Attachments":[{"Name":"@variables('OutputFileName')","ContentBytes":"@outputs('Export_To_File_for_Paginated_Reports')?['body']"}]},"host":{"apiId":"/providers/Microsoft.PowerApps/apis/shared_office365","connectionName":"shared_office365","operationId":"SendEmailV2"},"authentication":"@parameters('$authentication')"}}},"runAfter":{"Default_output_file_name":["Succeeded"]},"type":"Foreach"},"Default_output_file_name":{"runAfter":{"List_rows_present_in_a_table":["Succeeded"]},"type":"InitializeVariable","inputs":{"variables":[{"name":"OutputFileName","type":"string","value":"PaginatedReport_@{utcNow()}.PDF"}]}}}},"connectionReferences":{"shared_excelonlinebusiness":{"connectionName":"shared-excelonlinebu-6c691f20-9f3d-44fd-af1b-789a223f4eb8","source":"Embedded","id":"/providers/Microsoft.PowerApps/apis/shared_excelonlinebusiness","tier":"NotSpecified","apiName":"excelonlinebusiness"},"shared_powerbi":{"connectionName":"shared-powerbi-fd3148a9-0ad6-469e-a4a0-d6c37d2c606e","source":"Embedded","id":"/providers/Microsoft.PowerApps/apis/shared_powerbi","tier":"NotSpecified","apiName":"powerbi"},"shared_office365":{"connectionName":"shared-office365-b921ca1c-8229-4f13-b172-00113b086660","source":"Embedded","id":"/providers/Microsoft.PowerApps/apis/shared_office365","tier":"NotSpecified","apiName":"office365"}},"flowFailureAlertSubscribed":false,"isManaged":false}}